cell,group in,nuclide,mean,std. dev.
1,1,total,0.0004172007974064916,4.1707372220505106e-06
1,2,total,0.01848481462082182,0.0002103281317317094
