cell,group in,nuclide,mean,std. dev.
1,1,total,3.7861548815410666e-08,2.369670648971189e-10
1,2,total,3.777252858420706e-06,4.297882237885479e-08
