cell,group in,nuclide,mean,std. dev.
1,1,total,0.7261904727730115,0.002636755965743393
1,2,total,2.0132682860398514,0.022446966463898238
