cell,group in,nuclide,mean,std. dev.
1,1,total,0.726607673570419,0.002637735528217279
1,2,total,2.031753100660673,0.022657048999886287
