material,group in,nuclide,mean,std. dev.
5,1,total,1.6095764169006779e-06,1.4414466840580132e-08
