material,group in,nuclide,mean,std. dev.
7,1,total,0.14538388455902052,0.001576793304796188
