material,group in,nuclide,mean,std. dev.
6,1,total,0.4725217113691269,0.0050184840121062484
