material,group in,nuclide,mean,std. dev.
6,1,total,0.09236675877035348,0.0009960484661582678
