material,group in,nuclide,mean,std. dev.
6,1,total,0.08361330529093189,0.0008859896693348854
