material,group in,nuclide,mean,std. dev.
8,1,total,0.00018133908129509005,1.7924846585868569e-06
