material,group in,nuclide,mean,std. dev.
9,1,total,0.7431744734347754,0.004979509880493433
