cell,group in,nuclide,mean,std. dev.
1,1,total,3388.159390466626,225.57172199364248
1,2,total,1.7976931348623157e+308,0.0
