material,group in,nuclide,mean,std. dev.
5,1,total,0.0003712452631751335,3.1400578486305582e-06
