material,group in,nuclide,mean,std. dev.
5,1,total,0.0003432141380584832,2.895038856185926e-06
