material,group in,group out,nuclide,mean,std. dev.
5,1,1,total,0.0003432141380584832,1.4410335282581796e-05
