material,group in,group out,nuclide,mean,std. dev.
7,1,1,total,0.14202887100356962,0.002172714498561258
