material,group in,nuclide,mean,std. dev.
8,1,total,0.4480291260325679,0.004336257752943962
