material,group in,nuclide,mean,std. dev.
5,1,total,7.172747194688018e-08,5.881585116293326e-10
5,2,total,3.686586513562033e-06,3.637545158412703e-08
