material,group in,nuclide,mean,std. dev.
5,1,total,2.8579957452847095e-06,2.0997945145043536e-08
5,2,total,6.202507118526315e-05,6.120000041926384e-07
