material,group in,nuclide,mean,std. dev.
5,1,total,0.0002688699820189595,2.0256736321038174e-06
5,2,total,0.0005098114457050285,4.982529973608728e-06
