material,group in,nuclide,mean,std. dev.
5,1,total,0.0002660119862736747,2.0076733626299808e-06
5,2,total,0.0004477863745197666,4.371433912835535e-06
