material,group in,nuclide,mean,std. dev.
7,1,total,0.1655958251600083,0.0018322926041427275
7,2,total,0.09737386659377238,0.0010200436388338706
