material,group in,nuclide,mean,std. dev.
7,1,total,0.1652578957483091,0.0018287306164838741
7,2,total,0.08698988904855746,0.0009108074311924428
