material,group in,nuclide,mean,std. dev.
7,1,total,7.471424529731393e-08,8.085432101756705e-10
7,2,total,3.3556539161334357e-06,3.547914592439598e-08
