material,group in,nuclide,mean,std. dev.
7,1,total,0.0003379294116990834,3.849929840756128e-06
7,2,total,0.010383977545214935,0.00010978913291556255
