material,group in,nuclide,mean,std. dev.
6,1,total,0.5127260615942856,0.005609961588224991
6,2,total,0.6948903186664205,0.007290269505010141
