material,group in,nuclide,mean,std. dev.
6,1,total,6.487379666774484e-08,7.079383353742534e-10
6,2,total,3.1177536434450397e-06,3.3021055443485966e-08
