material,group in,nuclide,mean,std. dev.
6,1,total,0.01878323815822479,0.00021063042431803284
6,2,total,0.32897291832676984,0.00349133592958009
