material,group in,nuclide,mean,std. dev.
6,1,total,0.4801207553960615,0.005269733390152152
6,2,total,0.4472173614353223,0.0046720468848178865
