material,group in,nuclide,mean,std. dev.
6,1,total,0.03260530619822396,0.0003478468480297741
6,2,total,0.24767295723109817,0.0026263575124528854
