material,group in,nuclide,mean,std. dev.
8,1,total,1.0527874038486028e-07,9.901868561574612e-10
8,2,total,3.7547285350482814e-06,3.900327059927004e-08
