material,group in,nuclide,mean,std. dev.
8,1,total,1.4904325460118394e-05,1.9925563982761615e-07
8,2,total,0.00030356432416551744,3.1533546414918774e-06
