material,group in,nuclide,mean,std. dev.
8,1,total,0.41404608759339695,0.003857716533764267
8,2,total,0.4729913641098383,0.004892925890108427
