material,group in,nuclide,mean,std. dev.
8,1,total,0.4140311832679372,0.0038575929200045174
8,2,total,0.47268779978567427,0.0048897732328405715
