material,group in,nuclide,mean,std. dev.
9,1,total,0.661341965379373,0.004222831649127654
9,2,total,0.8798725287481646,0.008741698138767089
