material,group in,nuclide,mean,std. dev.
9,1,total,8.109499323072149e-08,7.360187293777219e-10
9,2,total,3.0047331118303715e-06,3.026804025155576e-08
