material,group in,nuclide,mean,std. dev.
9,1,total,0.6672305671537619,0.00425969857063972
9,2,total,1.0548630049929615,0.010469477882850164
