material,group in,nuclide,mean,std. dev.
9,1,total,0.005888601774388974,5.126528673331154e-05
9,2,total,0.17499047624479733,0.0017627459474945813
