material,group in,nuclide,mean,std. dev.
5,1,total,2.803112511664946e-05,2.4721439596508034e-07
