material,group in,nuclide,mean,std. dev.
7,1,total,0.14202887100356962,0.0015412917368387642
