material,group in,nuclide,mean,std. dev.
7,1,total,0.0033550135554509647,3.645396485729108e-05
