material,group in,nuclide,mean,std. dev.
7,1,total,1.06011708854454e-06,1.1548998218291188e-08
