material,group in,nuclide,mean,std. dev.
6,1,total,0.556135016660059,0.00589672172827028
