material,group in,nuclide,mean,std. dev.
6,1,total,7.887027641404286e-07,8.450596033023673e-09
