material,group in,nuclide,mean,std. dev.
8,1,total,0.44784778695127364,0.004334473758553836
