material,group in,nuclide,mean,std. dev.
8,1,total,2.209894644222971e-06,2.1955306163926315e-08
