material,group in,nuclide,mean,std. dev.
9,1,total,0.7041542630423436,0.004725750781825166
