material,group in,nuclide,mean,std. dev.
9,1,total,0.03902021039243171,0.0003124133137326791
