material,group in,nuclide,mean,std. dev.
9,1,total,6.541395877537711e-07,5.294145645008452e-09
