material,group in,nuclide,mean,std. dev.
5,1,total,5.091343881188532e-06,7.60341977997388e-09
