material,group in,group out,nuclide,mean,std. dev.
5,1,1,total,0.00017992609178722757,4.1695491490241606e-07
