material,group in,nuclide,mean,std. dev.
5,1,total,0.00017992609178722757,1.3851732945811242e-07
