material,group in,nuclide,mean,std. dev.
5,1,total,1.3956283507511753e-07,3.934578138388415e-10
