material,group in,nuclide,mean,std. dev.
8,1,total,0.18750926220073896,0.00013226892271327916
