material,group in,nuclide,mean,std. dev.
8,1,total,0.18722401807611325,0.00013187986268578352
