material,group in,nuclide,mean,std. dev.
8,1,total,2.7712209951178633e-07,5.447533321426891e-10
