material,group in,nuclide,mean,std. dev.
8,1,total,0.00028524412462591536,5.106940751188111e-07
