material,group in,nuclide,mean,std. dev.
6,1,total,0.0003298636806852597,5.640982549177487e-07
