material,group in,nuclide,mean,std. dev.
6,1,total,5.132380764744472e-08,1.6128894005285353e-10
