material,group in,nuclide,mean,std. dev.
6,1,total,0.20859547450470295,0.00012905881596193342
