material,group in,nuclide,mean,std. dev.
7,1,total,3.2618515587234155e-08,8.756211427449985e-11
