material,group in,nuclide,mean,std. dev.
5,1,total,0.00018501743566841535,1.4216010418358084e-07
