material,group in,group out,nuclide,mean,std. dev.
8,1,1,total,0.18722401807611325,0.00021552650310010886
