material,group in,group out,nuclide,mean,std. dev.
6,1,1,total,0.20826561082401765,0.00025777215530972393
