material,group in,nuclide,mean,std. dev.
6,1,total,0.20826561082401765,0.00012891896518521352
