material,group in,nuclide,mean,std. dev.
7,1,total,0.4427145371686193,0.0002612752434178878
