material,group in,group out,nuclide,mean,std. dev.
7,1,1,total,0.4427145371686193,0.0003960106399968441
