material,group in,nuclide,mean,std. dev.
7,1,total,0.019123187712248597,1.4468324573319245e-05
