material,group in,nuclide,mean,std. dev.
7,1,total,0.4618377248808696,0.00027230264545332445
