material,group in,group out,nuclide,mean,std. dev.
6,1,1,total,0.17101158586442758,0.0003297179586981432
