material,group in,nuclide,mean,std. dev.
6,1,total,0.00023213360114210277,4.3823296943632133e-07
