material,group in,nuclide,mean,std. dev.
6,1,total,0.2137695306188167,0.00018078494765938518
