material,group in,nuclide,mean,std. dev.
6,1,total,2.316399897203379e-08,8.85857976040792e-11
