material,group in,nuclide,mean,std. dev.
6,1,total,0.21400166421995953,0.00018090524815543596
