material,group in,nuclide,mean,std. dev.
8,1,total,0.00013290144615959678,3.18830285431843e-07
