material,group in,nuclide,mean,std. dev.
8,1,total,0.1733714047884017,0.000119668630563301
