material,group in,group out,nuclide,mean,std. dev.
8,1,1,total,0.08944620607187627,0.00020571988236718468
