material,group in,nuclide,mean,std. dev.
8,1,total,0.17323850334224247,0.00011948238540198733
