material,group in,nuclide,mean,std. dev.
8,1,total,1.1352834294264893e-07,3.5193494588666917e-10
