time,error,h
0,0,0
1,1.6283554701787e-08,0.02209708691208
